t_epoch,t_end,magnitude_ms,excess_ms,duration_ms,n_frames,severity
1791522194.340095,1791522194.340095,108.441,94.552,0.000,1,high
1791522194.447351,1791522194.447351,107.256,93.367,0.000,1,high
1791522194.555238,1791522194.555238,107.883,93.994,0.000,1,high
1791522194.664104,1791522194.664104,108.863,94.974,0.000,1,high
1791522194.772386,1791522194.772386,108.281,94.392,0.000,1,high
1791522194.880592,1791522194.880592,108.204,94.315,0.000,1,high
1791522194.990610,1791522194.990610,110.015,96.126,0.000,1,high
1791522195.099432,1791522195.099432,108.820,94.931,0.000,1,high
1791522207.689640,1791522207.689640,108.307,94.418,0.000,1,high
1791522207.798934,1791522207.798934,109.296,95.407,0.000,1,high
1791522207.907401,1791522207.907401,108.462,94.573,0.000,1,high
1791522208.013852,1791522208.013852,106.450,92.561,0.000,1,high
1791522208.122779,1791522208.500551,108.925,374.257,377.772,7,high
1791522210.385484,1791522210.385484,29.477,15.588,0.000,1,high
1791522210.712226,1791522210.712226,27.741,13.852,0.000,1,high
1791522214.920218,1791522214.920218,50.692,36.803,0.000,1,high
1791522215.185460,1791522215.185460,47.714,33.825,0.000,1,high
1791522215.535310,1791522215.535310,33.484,19.595,0.000,1,high
1791522215.653882,1791522215.703421,45.767,37.743,49.539,2,high
1791522215.942250,1791522215.942250,35.567,21.678,0.000,1,high
1791522216.053017,1791522216.103070,46.875,40.636,50.053,2,high
1791522179.318156,1791522179.318156,14.796,4.380,0.000,1,low
1791522193.864904,1791522193.864904,15.529,5.112,0.000,1,low
1791522215.252531,1791522215.252531,17.097,6.680,0.000,1,low
1791522215.373572,1791522215.373572,14.904,4.488,0.000,1,low
1791522240.468739,1791522240.468739,15.364,4.947,0.000,1,low
1791522260.701168,1791522260.701168,16.235,5.819,0.000,1,low
1791522264.572650,1791522264.572650,15.558,5.142,0.000,1,low
1791522292.471119,1791522292.471119,15.959,5.542,0.000,1,low
